{"stat.pickup.minecraft.rotten_flesh":3,"stat.craftItem.minecraft.furnace":1,"stat.walkOneCm":23825,"stat.craftItem.minecraft.planks":40,"stat.mineBlock.minecraft.cobblestone":8,"stat.damageTaken":160,"stat.craftItem.minecraft.crafting_table":1,"stat.furnaceInteraction":3,"stat.mineBlock.minecraft.red_flower":1,"stat.useItem.minecraft.wooden_pickaxe":9,"stat.mobKills":9,"stat.pickup.minecraft.cobblestone":9,"stat.craftItem.minecraft.wooden_sword":1,"stat.mineBlock.minecraft.log":8,"stat.talkedToVillager":1,"stat.pickup.minecraft.planks":1,"stat.pickup.minecraft.log":10,"stat.flyOneCm":41827,"stat.pickup.minecraft.wheat_seeds":2,"stat.jump":260,"stat.mineBlock.minecraft.leaves":1,"stat.playOneMinute":10703,"stat.fallOneCm":5608,"stat.useItem.minecraft.wooden_sword":17,"stat.killEntity.Sheep":3,"stat.useItem.minecraft.cooked_mutton":3,"stat.pickup.minecraft.red_flower":1,"stat.sneakTime":12,"stat.pickup.minecraft.wool":3,"stat.craftItem.minecraft.stone_slab2":0,"stat.damageDealt":810,"stat.pickup.minecraft.porkchop":5,"stat.timeSinceDeath":10703,"stat.craftItem.minecraft.dye":1,"stat.pickup.minecraft.sapling":2,"stat.pickup.minecraft.dirt":8,"stat.useItem.minecraft.dirt":7,"stat.sprintOneCm":13237,"stat.useItem.minecraft.stone_slab2":4,"stat.killEntity.Pig":4,"stat.craftItem.minecraft.wooden_pickaxe":1,"stat.mineBlock.minecraft.tallgrass":12,"stat.craftItem.minecraft.cooked_mutton":5,"stat.pickup.minecraft.mutton":5,"stat.craftItem.minecraft.stick":4,"stat.craftingTableInteraction":3}