{"stat.walkOneCm":54615,"stat.pickup.minecraft.bone":1,"stat.playerKills":2,"stat.useItem.minecraft.potato":6,"stat.leaveGame":1,"stat.pickup.minecraft.arrow":2,"stat.mineBlock.minecraft.cobblestone":8,"stat.craftItem.minecraft.crafting_table":1,"stat.furnaceInteraction":3,"stat.killEntity.ZombieVillager":1,"stat.talkedToVillager":4,"stat.pickup.minecraft.wooden_sword":2,"stat.pickup.minecraft.log":10,"stat.jump":593,"stat.fallOneCm":11521,"stat.pickup.minecraft.iron_ingot":1,"stat.useItem.minecraft.cooked_mutton":3,"stat.pickup.minecraft.carrot":26,"stat.entityKilledBy.Skeleton":2,"stat.craftItem.minecraft.stone_slab2":0,"stat.pickup.minecraft.porkchop":10,"stat.pickup.minecraft.chicken":2,"stat.crouchOneCm":37,"stat.pickup.minecraft.sapling":4,"stat.pickup.minecraft.dirt":8,"stat.useItem.minecraft.dirt":7,"stat.sprintOneCm":36110,"stat.useItem.minecraft.stone_slab2":4,"stat.craftItem.minecraft.stick":4,"stat.craftingTableInteraction":3,"stat.pickup.minecraft.rotten_flesh":7,"stat.craftItem.minecraft.furnace":1,"stat.craftItem.minecraft.planks":40,"stat.killEntity.Chicken":1,"stat.damageTaken":1700,"stat.killEntity.Spider":1,"stat.mineBlock.minecraft.red_flower":1,"stat.useItem.minecraft.wooden_pickaxe":9,"stat.useItem.minecraft.carrot":9,"stat.mobKills":19,"stat.pickup.minecraft.cobblestone":9,"stat.craftItem.minecraft.wooden_sword":1,"stat.mineBlock.minecraft.log":8,"stat.pickup.minecraft.planks":1,"stat.entityKilledBy.ZombieVillager":1,"stat.flyOneCm":112309,"stat.deaths":6,"stat.pickup.minecraft.wheat_seeds":4,"stat.mineBlock.minecraft.leaves":1,"stat.pickup.minecraft.potato":32,"stat.playOneMinute":21334,"stat.useItem.minecraft.wooden_sword":44,"stat.entityKilledBy.Zombie":3,"stat.killEntity.Sheep":3,"stat.pickup.minecraft.red_flower":1,"stat.sneakTime":15,"stat.pickup.minecraft.wool":8,"stat.damageDealt":2387,"stat.killEntity.Zombie":6,"stat.timeSinceDeath":1016,"stat.craftItem.minecraft.dye":1,"stat.killEntity.Pig":4,"stat.craftItem.minecraft.wooden_pickaxe":1,"stat.mineBlock.minecraft.tallgrass":23,"stat.craftItem.minecraft.cooked_mutton":5,"stat.pickup.minecraft.mutton":5}