{"stat.leaveGame":4,"stat.mineBlock.minecraft.cobblestone":1,"stat.pickup.minecraft.stone_pickaxe":2,"stat.jump":190,"stat.fallOneCm":3868,"stat.pickup.minecraft.carrot":34,"stat.pickup.minecraft.cooked_porkchop":1,"stat.pickup.minecraft.spider_eye":2,"stat.pickup.minecraft.rotten_flesh":10,"stat.pickup.minecraft.wooden_pickaxe":2,"stat.damageTaken":720,"stat.pickup.minecraft.cobblestone":62,"stat.pickup.minecraft.dye":2,"stat.pickup.minecraft.planks":32,"stat.flyOneCm":50163,"stat.pickup.minecraft.wheat_seeds":11,"stat.pickup.minecraft.potato":52,"stat.useItem.minecraft.stone_pickaxe":1,"stat.useItem.minecraft.stone_sword":17,"stat.damageDealt":372,"stat.timeSinceDeath":4506,"stat.killEntity.Pig":1,"stat.drop.minecraft.spider_eye":2,"stat.pickup.minecraft.mutton":1,"stat.walkOneCm":28748,"stat.pickup.minecraft.stick":16,"stat.pickup.minecraft.wooden_axe":3,"stat.drop.minecraft.rotten_flesh":8,"stat.useItem.minecraft.cobblestone":9,"stat.useItem.minecraft.cooked_porkchop":1,"stat.drop.minecraft.wool":1,"stat.talkedToVillager":1,"stat.pickup.minecraft.string":3,"stat.pickup.minecraft.log":10,"stat.sprintOneCm":21588,"stat.craftItem.minecraft.planks":40,"stat.killEntity.Spider":2,"stat.pickup.minecraft.stone_sword":2,"stat.mobKills":3,"stat.mineBlock.minecraft.log":10,"stat.deaths":1,"stat.drop":13,"stat.mineBlock.minecraft.leaves":1,"stat.playOneMinute":11835,"stat.killEntity.Sheep":1,"stat.pickup.minecraft.wool":2,"stat.mineBlock.minecraft.tallgrass":24,"stat.drop.minecraft.wooden_axe":2,"stat.pickup.minecraft.cooked_mutton":4}