{"stat.pickup.minecraft.rotten_flesh":7,"stat.walkOneCm":13539,"stat.craftItem.minecraft.planks":40,"stat.leaveGame":2,"stat.drop.minecraft.rotten_flesh":7,"stat.damageTaken":305,"stat.killEntity.Spider":1,"stat.mobKills":2,"stat.mineBlock.minecraft.log":10,"stat.pickup.minecraft.string":1,"stat.pickup.minecraft.log":10,"stat.flyOneCm":28075,"stat.drop":7,"stat.pickup.minecraft.wheat_seeds":2,"stat.jump":99,"stat.mineBlock.minecraft.leaves":1,"stat.playOneMinute":6118,"stat.fallOneCm":1672,"stat.killEntity.Sheep":1,"stat.pickup.minecraft.wool":1,"stat.damageDealt":236,"stat.timeSinceDeath":6118,"stat.sprintOneCm":12347,"stat.killEntity.Pig":1,"stat.mineBlock.minecraft.tallgrass":17,"stat.pickup.minecraft.mutton":1}